,0
0,https://blog.naver.com/jujupnara2/222522968507
1,https://blog.naver.com/juneefood/222538335751
2,https://blog.naver.com/hello_yuri_/222527251022
3,https://blog.naver.com/ddbba/222545936859
4,https://blog.naver.com/spes_999/222540498473
5,https://blog.naver.com/soyoung7714/222535712099
6,https://blog.naver.com/chzhzot/222532460875
7,https://blog.naver.com/trihanwha/222536585705
8,https://blog.naver.com/soshim_kang/222547020421
9,https://blog.naver.com/fact_korea/222543978324
10,https://blog.naver.com/o3oolo/222527409294
11,https://blog.naver.com/17coxf/222554252271
12,https://blog.naver.com/odong_do/222542576840
13,https://blog.naver.com/bye5557/222532120539
14,https://blog.naver.com/foodnpeople/222532292230
15,https://blog.naver.com/chlee0505/222546750552
16,https://blog.naver.com/for_sbe/222545994735
17,https://blog.naver.com/polar2795/222531389805
18,https://blog.naver.com/tbseowlq00/222535611476
19,https://blog.naver.com/iksuk/222534609701
20,https://blog.naver.com/hyungmjee/222532444758
21,https://blog.naver.com/ahra-style/222525384754
22,https://blog.naver.com/lhs980606/222538301166
23,https://blog.naver.com/nal85858/222537509340
24,https://blog.naver.com/be2141st/222546460395
25,https://blog.naver.com/madahm/222543613422
26,https://blog.naver.com/endal1004/222546007823
27,https://blog.naver.com/andbooks/222543744324
28,https://blog.naver.com/ether99/222539367530
29,https://blog.naver.com/princess6303/222527195286
30,https://blog.naver.com/topkeep11/222529380220
31,https://blog.naver.com/positivegoal/222542230613
32,https://blog.naver.com/tw01554/222537220496
33,https://blog.naver.com/gumisns/222540518171
34,https://blog.naver.com/lamule12/222527135486
35,https://blog.naver.com/lsm9785/222533319055
36,https://blog.naver.com/k7110718/222542509840
37,https://blog.naver.com/danbal11/222525478507
38,https://blog.naver.com/heodak/222536823375
39,https://blog.naver.com/highki_180/222536548495
40,https://blog.naver.com/miyeon1301/222533496636
41,https://blog.naver.com/ppsjhahe12/222530142900
42,https://blog.naver.com/zzang_bom/222553626023
43,https://blog.naver.com/yoonseul_photo/222526259086
44,https://blog.naver.com/poutian/222535787267
45,https://blog.naver.com/mrwonenglish/222530068803
46,https://blog.naver.com/bookdaum/222549880026
47,https://blog.naver.com/sadstoryu/222530246365
48,https://blog.naver.com/k780513/222537283916
49,https://blog.naver.com/cookie1411/222547070049
50,https://blog.naver.com/77ended/222550354557
51,https://blog.naver.com/unbuilding/222548879341
52,https://blog.naver.com/fromage/222530249576
53,https://blog.naver.com/aflo2017/222536787252
54,https://blog.naver.com/thebest1982/222531437136
55,https://blog.naver.com/les928/222537040247
56,https://blog.naver.com/z14114/222522043020
57,https://blog.naver.com/hkb9500/222523621172
58,https://blog.naver.com/ksy2429/222546031234
59,https://blog.naver.com/weshao/222542927722
60,https://blog.naver.com/5only_one5/222553506346
61,https://blog.naver.com/bomin78/222549475114
62,https://blog.naver.com/cheerup84/222542188782
63,https://blog.naver.com/way8949/222529567311
64,https://blog.naver.com/jjiol7444/222534499418
65,https://blog.naver.com/riverheel/222542969252
66,https://blog.naver.com/nayana8691/222545376757
67,https://blog.naver.com/cyrano74/222524868659
68,https://blog.naver.com/yzlee1941/222541697230
69,https://blog.naver.com/jang_rabbit/222536531223
70,https://blog.naver.com/evelia67/222527883122
71,https://blog.naver.com/s98soon/222523189473
72,https://blog.naver.com/jsgarden_/222541875866
73,https://blog.naver.com/moonlight800/222540583944
74,https://blog.naver.com/hm3632/222525576286
75,https://blog.naver.com/homemealcafe24/222530150208
76,https://blog.naver.com/flowerjyun/222540497171
77,https://blog.naver.com/sannamul2/222535983722
78,https://blog.naver.com/aquarius15/222542838983
79,https://blog.naver.com/hihihim1/222550978226
80,https://blog.naver.com/kimstar1104/222539945496
81,https://blog.naver.com/myjalove/222546648872
82,https://blog.naver.com/dnwls0215/222535412322
83,https://blog.naver.com/5617777mail/222551393560
84,https://blog.naver.com/buwok/222535929241
85,https://blog.naver.com/foodnpeople/222547556843
86,https://blog.naver.com/restaurantwar/222552208928
87,https://blog.naver.com/ddungja_com/222535672640
88,https://blog.naver.com/onoffgym0302/222549745638
89,https://blog.naver.com/kd8905/222531116578
90,https://blog.naver.com/kwoori/222531000829
91,https://blog.naver.com/mxs1104/222552314078
92,https://blog.naver.com/cskcr/222550979521
93,https://blog.naver.com/psyoo2000/222542466797
94,https://blog.naver.com/th_media/222530103914
95,https://blog.naver.com/poj6289/222537921644
96,https://blog.naver.com/s2s2u88/222550972450
97,https://blog.naver.com/huei72/222534917428
98,https://blog.naver.com/psy08160/222535586535
99,https://blog.naver.com/ongtae9653/222541671818
100,https://blog.naver.com/de0841/222528374714
101,https://blog.naver.com/shabete11/222552242655
102,https://blog.naver.com/iaansunroom/222552199131
103,https://blog.naver.com/pyr1281/222545986523
104,https://blog.naver.com/solarii/222546796319
105,https://blog.naver.com/smileday1114/222530725964
106,https://blog.naver.com/artless1004/222522993447
107,https://blog.naver.com/tbzka3/222532590500
108,https://blog.naver.com/borather/222523686996
109,https://blog.naver.com/sallybae12/222524254850
110,https://blog.naver.com/esrhk/222552390238
111,https://blog.naver.com/daehan1493/222536829701
112,https://blog.naver.com/lin801/222538609164
113,https://blog.naver.com/encnc1/222548327238
114,https://blog.naver.com/withlemonade/222536566934
115,https://blog.naver.com/yuna74499/222553142457
116,https://blog.naver.com/thdwb92/222553605517
117,https://blog.naver.com/artdecogreen/222527169144
118,https://blog.naver.com/mcst_pr/222550957826
119,https://blog.naver.com/insunoo/222543191540
120,https://blog.naver.com/qhrehf01/222526770577
121,https://blog.naver.com/matarae/222523254700
122,https://blog.naver.com/ttimbakjil/222548762810
123,https://blog.naver.com/fhdflcl1/222552696168
124,https://blog.naver.com/news_theone/222537545472
125,https://blog.naver.com/hyghhu/222530259394
126,https://blog.naver.com/yes1676/222540239984
127,https://blog.naver.com/poutian/222552203135
128,https://blog.naver.com/darktnt/222535531197
129,https://blog.naver.com/atomymall100/222541424410
130,https://blog.naver.com/kay841024/222526799140
131,https://blog.naver.com/wonwon0917/222522972595
132,https://blog.naver.com/openchampion/222540833678
133,https://blog.naver.com/ehaal111/222527283351
134,https://blog.naver.com/50-2ndchance/222539960193
135,https://blog.naver.com/semin017/222535921588
136,https://blog.naver.com/thinkfood1/222551116245
137,https://blog.naver.com/see823/222545879821
138,https://blog.naver.com/haejung0702/222524400857
139,https://blog.naver.com/gr22nade/222542437521
140,https://blog.naver.com/khcho0129/222550600077
141,https://blog.naver.com/dufgus2715/222538228490
142,https://blog.naver.com/jiyounbae92/222542967729
143,https://blog.naver.com/wodud0528/222526325561
144,https://blog.naver.com/solo-traveller/222535112445
145,https://blog.naver.com/fineadple/222528569608
146,https://blog.naver.com/ddobagiyuns/222550421343
147,https://blog.naver.com/tnvkdtnvkd/222550566108
148,https://blog.naver.com/durujoo42/222527236467
149,https://blog.naver.com/yel_1004/222542123801
150,https://blog.naver.com/hanheymi13/222530997013
151,https://blog.naver.com/springrain2233/222528249524
152,https://blog.naver.com/jinamini1004/222540836362
153,https://blog.naver.com/wicce1801/222530779569
154,https://blog.naver.com/music_ssam109/222547759927
155,https://blog.naver.com/yes1676/222537631056
156,https://blog.naver.com/foodtoday1/222537748991
157,https://blog.naver.com/dal031/222546035865
158,https://blog.naver.com/siempre_jh/222528267649
159,https://blog.naver.com/thinkfood1/222551106750
160,https://blog.naver.com/amanda_n/222531189921
161,https://blog.naver.com/mikky09/222537009791
162,https://blog.naver.com/jsm403/222533902982
163,https://blog.naver.com/kgmpcom/222547470554
164,https://blog.naver.com/2281399/222545789273
165,https://blog.naver.com/startceo/222540217238
166,https://blog.naver.com/tuigi2000/222539135127
167,https://blog.naver.com/nadacubicis/222541786902
168,https://blog.naver.com/eye4y/222539926802
169,https://blog.naver.com/cykim6432/222550124709
170,https://blog.naver.com/nong-up/222534607035
171,https://blog.naver.com/h1j11/222523506781
172,https://blog.naver.com/industryeconomynews/222550866756
173,https://blog.naver.com/mjpslove1/222538821348
174,https://blog.naver.com/tepet/222527266619
175,https://blog.naver.com/ybbkang0/222551390040
176,https://blog.naver.com/heodak/222534813219
177,https://blog.naver.com/lottesamkang/222548593733
178,https://blog.naver.com/ranini0811/222525276371
179,https://blog.naver.com/djawlgus232/222546178538
180,https://blog.naver.com/foodsafetypress/222546863448
181,https://blog.naver.com/123ggo/222539173096
182,https://blog.naver.com/paradi35/222537657904
183,https://blog.naver.com/nasiailbo/222528750762
184,https://blog.naver.com/neonuna/222547098254
185,https://blog.naver.com/pojangposs/222530983090
186,https://blog.naver.com/praisehyh/222548583813
187,https://blog.naver.com/xingyuner72/222526636178
188,https://blog.naver.com/eremoval/222541740026
189,https://blog.naver.com/siamsun44/222544633222
190,https://blog.naver.com/welcometopusan/222533333145
191,https://blog.naver.com/su7728/222550283865
192,https://blog.naver.com/daisyounghwa/222553387114
193,https://blog.naver.com/zskmc/222530568845
194,https://blog.naver.com/kgsunmam/222531008804
195,https://blog.naver.com/msy2840/222529191060
196,https://blog.naver.com/fsgo0612/222541502960
197,https://blog.naver.com/036jang/222545421834
198,https://blog.naver.com/th2dud/222542591260
199,https://blog.naver.com/wks9498/222540210863
200,https://blog.naver.com/happy_day555/222528972857
201,https://blog.naver.com/zumhimalaya/222537649750
202,https://blog.naver.com/coq/222542752312
203,https://blog.naver.com/wkdguddbs/222547654567
204,https://blog.naver.com/hjinnyk71/222534630320
205,https://blog.naver.com/poutian/222548970521
206,https://blog.naver.com/bebu-life/222522486983
207,https://blog.naver.com/free4232/222550898865
208,https://blog.naver.com/cagycagy/222549821964
209,https://blog.naver.com/pop9508/222531230161
210,https://blog.naver.com/altjsdl57/222538550456
211,https://blog.naver.com/haeeun0211/222553441585
212,https://blog.naver.com/ruye90/222544339597
213,https://blog.naver.com/kjy9873/222540558446
214,https://blog.naver.com/rty3350/222507877887
215,https://blog.naver.com/dnvkd/222522931529
216,https://blog.naver.com/yjiong/222552317979
217,https://blog.naver.com/rainosw/222551411721
218,https://blog.naver.com/kkimg1022/222533858359
219,https://blog.naver.com/dd_docent/222526492452
220,https://blog.naver.com/nsshopping/222549970956
221,https://blog.naver.com/bmjjin34/222542302767
222,https://blog.naver.com/doona224/222551174197
223,https://blog.naver.com/dazzlerjj/222552298041
224,https://blog.naver.com/mydays-/222550519128
225,https://blog.naver.com/gold7571/222541172114
226,https://blog.naver.com/sattooz/222539941007
227,https://blog.naver.com/kang8440/222541377263
228,https://blog.naver.com/iewei/222527020283
229,https://blog.naver.com/nhjw86/222538775590
230,https://blog.naver.com/dmswjd8018/222551316431
231,https://blog.naver.com/foodtoday1/222545033327
232,https://blog.naver.com/antillia/222530293924
233,https://blog.naver.com/fhdflcl1/222552612701
234,https://blog.naver.com/myghkk/222525608427
235,https://blog.naver.com/fcmediacokr/222528625136
236,https://blog.naver.com/byj8085/222535859948
237,https://blog.naver.com/fmx_franerp/222530626030
238,https://blog.naver.com/hanbyul78/222530316834
239,https://blog.naver.com/ares0098/222545640928
240,https://blog.naver.com/chjnkn/222534883600
241,https://blog.naver.com/dreamsmsh/222527731767
242,https://blog.naver.com/huili1020/222534542867
243,https://blog.naver.com/jikang81/222530352432
244,https://blog.naver.com/nh01157/222535627335
245,https://blog.naver.com/s3939/222547672643
246,https://blog.naver.com/taiji15/222538957895
247,https://blog.naver.com/mire1379/222525184391
248,https://blog.naver.com/bbili6418/222539793268
249,https://blog.naver.com/bungeo_ppang/222530775921
250,https://blog.naver.com/togoma/222534799317
251,https://blog.naver.com/hyungmjee/222545010394
252,https://blog.naver.com/gng-lazboy-ihw/222524948883
253,https://blog.naver.com/sualog17/222523381991
254,https://blog.naver.com/goldentreeconsulting/222544340852
255,https://blog.naver.com/ori_bori_/222528910163
256,https://blog.naver.com/opal53/222542295520
257,https://richcat.tistory.com/7972
258,https://blog.naver.com/049605/222545220817
259,https://blog.naver.com/liking607/222542689907
260,https://blog.naver.com/seara1246/222539059142
261,https://blog.naver.com/thinkfood1/222528689007
262,https://blog.naver.com/soyoung7714/222549441637
263,https://blog.naver.com/153production/222548570354
264,https://blog.naver.com/esgmaster/222551963978
265,https://blog.naver.com/rest83/222527875270
266,https://blog.naver.com/gn-council/222523264749
267,https://blog.naver.com/pppo100/222545895615
268,https://blog.naver.com/liking607/222541281663
269,https://blog.naver.com/dudals1222/222553069565
270,https://blog.naver.com/datejust88/222527442068
271,https://blog.naver.com/neomgl/222549750043
272,https://blog.naver.com/p_yooo/222542076806
273,https://blog.naver.com/hchsoo78/222536776697
274,https://blog.naver.com/changdae_food/222541742921
275,https://blog.naver.com/opiiuy/222538014114
276,https://blog.naver.com/flznpdpa/222550648837
277,https://blog.naver.com/rladmswn67/222546818079
278,https://blog.naver.com/foodtoday1/222537747750
279,https://blog.naver.com/ono0424/222545969924
280,https://blog.naver.com/timulys/222550914463
281,https://blog.naver.com/hamadajeju/222541917615
282,https://blog.naver.com/hyunji728/222535061150
283,https://blog.naver.com/heejoomam/222538303737
284,https://blog.naver.com/fcmediacokr/222528635511
285,https://blog.naver.com/sara1017kr/222553110532
286,https://blog.naver.com/ekwjdekrka10/222539941779
287,https://muinceo.tistory.com/161
288,https://blog.naver.com/jhng0961/222544911416
289,https://blog.naver.com/nycho122/222549063688
290,https://blog.naver.com/inyoung425/222531094137
291,https://blog.naver.com/thinkfood1/222527278399
292,https://blog.naver.com/psy08160/222536553841
293,https://blog.naver.com/blogourhome/222543845941
294,https://blog.naver.com/zodzk_2001/222539145710
295,https://blog.naver.com/mr9073/222552909132
296,https://blog.naver.com/pys3077/222539298073
297,https://blog.naver.com/dlcjfgks23/222539846274
298,https://blog.naver.com/beaqon/222526477765
299,https://blog.naver.com/momejonkr/222504434013
300,https://blog.naver.com/kjy9873/222536649602
301,https://blog.naver.com/5617777mail/222543660237
302,https://blog.naver.com/sea5451/222545179495
303,https://blog.naver.com/rkduddk00/222543788863
304,https://blog.naver.com/mypana777/222539892440
305,https://blog.naver.com/jjy790888/222524498173
306,https://blog.naver.com/jjj_triplelife/222534751331
307,https://blog.naver.com/sullaii/222540529873
308,https://blog.naver.com/dnvkd/222553632781
309,https://blog.naver.com/liking607/222526299825
310,https://blog.naver.com/jdr21035/222554268018
311,https://blog.naver.com/kgoun93/222550560040
312,https://blog.naver.com/ksyksyk/222525845974
313,https://blog.naver.com/llllstyle/222535432268
314,https://blog.naver.com/the9111/222536949971
315,https://blog.naver.com/wchristmas1/222537769643
316,https://blog.naver.com/wizzle3/222539228678
317,https://blog.naver.com/heodak/222549855057
318,https://blog.naver.com/ksme87/222538064957
319,https://blog.naver.com/sr0722/222529568076
320,https://blog.naver.com/soonheee5/222551402197
321,https://blog.naver.com/kiki5730/222535581849
322,https://blog.naver.com/eunshilys/222538962710
323,https://blog.naver.com/kfripr/222545104518
324,https://blog.naver.com/yes1676/222551985990
325,https://blog.naver.com/j02nara/222523586250
326,https://blog.naver.com/govlakdma4/222551867183
327,https://blog.naver.com/insightplatform/222534763966
328,https://blog.naver.com/su4308/222526037426
329,https://blog.naver.com/danawa_commu/222534523594
330,https://blog.naver.com/diamond_6/222527019804
331,https://blog.naver.com/sunghhhh0907/222546660306
332,https://blog.naver.com/moonjung2114/222533899357
333,https://blog.naver.com/mocienews/222544962717
334,https://blog.naver.com/akumasil/222544328764
335,https://blog.naver.com/namuya0702/222523571791
336,https://blog.naver.com/141113jw/222551096971
337,https://blog.naver.com/yamoya98/222554181853
338,https://blog.naver.com/kingstar17/222537451513
339,https://blog.naver.com/ryunwoo1/222554301872
340,https://blog.naver.com/koreakdi/222527135829
341,https://blog.naver.com/hamsoa160501/222485307680
342,https://blog.naver.com/minimam0926/222544962099
343,https://blog.naver.com/tkdska444/222548759495
344,https://blog.naver.com/taeimy/222541546408
345,https://blog.naver.com/nal85858/222552078450
346,https://blog.naver.com/jjy790888/222530823482
347,https://blog.naver.com/kimdaisuke/222554177487
348,https://blog.naver.com/dance3235/222528152221
349,https://blog.naver.com/kichkd/222531928095
350,https://blog.naver.com/tls0920/222545786985
351,https://blog.naver.com/sullaii/222530863325
352,https://blog.naver.com/ddobagiyuns/222542159202
353,https://blog.naver.com/totos1207/222522250805
354,https://blog.naver.com/hanheymi13/222522374772
355,https://blog.naver.com/minhland/222549417891
356,https://blog.naver.com/mii-ho/222532640862
357,https://blog.naver.com/kang8440/222536452897
358,https://blog.naver.com/thetenant/222543827313
359,https://blog.naver.com/coq/222528682698
360,https://blog.naver.com/hjhj7937/222550140904
361,https://blog.naver.com/wanna2u/222551285371
362,https://desert.tistory.com/6747
363,https://blog.naver.com/nuniw/222547543173
364,https://blog.naver.com/yaeeun0301/222533853500
365,https://blog.naver.com/yes114dj/222535900595
366,https://blog.naver.com/yjiong/222553825654
367,https://blog.naver.com/hjinnyk71/222548053016
368,https://blog.naver.com/phsun88/222526480225
369,https://blog.naver.com/etland-hj/222535691262
370,https://blog.naver.com/author_violet/222550201380
371,https://blog.naver.com/dkssk7/222549803123
372,https://blog.naver.com/pickgo77/222539635899
373,https://blog.naver.com/miry0424/222540594682
374,https://blog.naver.com/smryung/222538204657
375,https://blog.naver.com/mire1379/222547678843
376,https://blog.naver.com/iam_jihye/222551565706
377,https://blog.naver.com/nong-up/222542951447
378,https://blog.naver.com/shashainventory/222527446697
379,https://blog.naver.com/heeroyui/222540760414
380,https://blog.naver.com/boldbrain/222550192827
381,https://blog.naver.com/cairess/222554591749
382,https://blog.naver.com/psy08160/222536237741
383,https://blog.naver.com/jjang9_16/222546932687
384,https://blog.naver.com/goddns3737/222525276810
385,https://blog.naver.com/leeye1985/222551458923
386,https://blog.naver.com/jilllee-/222546703013
387,https://blog.naver.com/6a_daddy/222525400622
388,https://blog.naver.com/jsk3514/222540514993
389,https://blog.naver.com/cyberleesu/222536464840
390,https://blog.naver.com/kjy8467/222548135235
391,https://blog.naver.com/family_4s/222529131024
392,https://blog.naver.com/sajahome/222534804876
393,https://blog.naver.com/blogourhome/222548869600
394,https://blog.naver.com/kitty5239/222539944865
395,https://blog.naver.com/nanakon/222534022829
396,https://blog.naver.com/wou1103/222531168057
397,https://blog.naver.com/zodzk_2001/222546208022
398,https://blog.naver.com/kchwred/222531354662
399,https://blog.naver.com/economicfreedom2030/222546140349
400,https://blog.naver.com/os7131/222550524530
401,https://blog.naver.com/jungjung5100/222544865934
402,https://blog.naver.com/tkarnrwl2525/222529748424
403,https://blog.naver.com/lhs980606/222552737571
404,https://blog.naver.com/mystic_rose91/222542029467
405,https://blog.naver.com/ezsbiz/222541505080
406,https://blog.naver.com/thinkfood1/222548779840
407,https://blog.naver.com/spa7981/222537122839
408,https://blog.naver.com/th_media/222535116714
409,https://blog.naver.com/neologis/222542430842
410,https://blog.naver.com/jea1388/222535106003
411,https://blog.naver.com/wndud6135/222541659944
412,https://blog.naver.com/rkdtjdwls85/222552788632
413,https://blog.naver.com/aoisora2/222549624293
414,https://blog.naver.com/danggun0117/222522518976
415,https://blog.naver.com/aoisora2/222533296078
416,https://blog.naver.com/cc0437/222548222080
417,https://blog.naver.com/5mile__/222552306758
418,https://blog.naver.com/bj8172/222528171368
419,https://blog.naver.com/ohnjh/222546923637
420,https://blog.naver.com/smrf2012/222534594095
421,https://blog.naver.com/skhl/222532439591
422,https://blog.naver.com/mystery_blog/222548130409
423,https://blog.naver.com/oogada/222529224538
424,https://blog.naver.com/foodtoday1/222549025254
425,https://blog.naver.com/jhcho5767/222532981110
426,https://blog.naver.com/insightplatform/222523351990
427,https://blog.naver.com/k-patent2020/222540427979
428,https://blog.naver.com/mikamusic/222547378378
429,https://blog.naver.com/spa7981/222528849094
430,https://blog.naver.com/artdecogreen/222535690898
431,https://blog.naver.com/mireibmw1/222552425884
432,https://blog.naver.com/004cr/222544849009
433,https://blog.naver.com/newjin90/222536503499
434,https://blog.naver.com/jyrhyoo/222544607221
435,https://blog.naver.com/bbiyyak30/222546971474
436,https://blog.naver.com/milee0822/222551304763
437,https://blog.naver.com/hjde0024/222547064630
438,https://blog.naver.com/hyungmjee/222544874755
439,https://blog.naver.com/whitetod/222526774764
440,https://blog.naver.com/duwk2qjs/222549340670
441,https://blog.naver.com/sanail0907/222536564375
442,https://blog.naver.com/dprkrok/222542090255
443,https://blog.naver.com/dkeldl120/222550529647
444,https://blog.naver.com/wjddbal0414/222541621708
445,https://blog.naver.com/sung4lang/222533138414
446,https://blog.naver.com/ejkh9/222545289256
447,https://blog.naver.com/sungbjin/222530916166
448,https://blog.naver.com/ramiebbo/222553347497
449,https://blog.naver.com/twomanfnb/222540623009
450,https://blog.naver.com/fmhaccp/222526307779
451,https://blog.naver.com/yym3603/222552705685
452,https://blog.naver.com/lest82/222537584813
453,https://blog.naver.com/kshkjs1225/222548709233
454,https://blog.naver.com/poutian/222547683300
455,https://blog.naver.com/stcher26/222526494733
456,https://blog.naver.com/china_herald/222542618978
457,https://blog.naver.com/zadoz/222543046651
458,https://blog.naver.com/ever6486/222546461022
459,https://blog.naver.com/smy2166/222542980223
460,https://blog.naver.com/nm101500/222530477692
461,https://blog.naver.com/shincaussam/222525897487
462,https://blog.naver.com/mso1540/222546579717
463,https://blog.naver.com/esuccess/222524346683
464,https://blog.naver.com/iljy1001/222539340061
465,https://blog.naver.com/crover88/222549240506
466,https://blog.naver.com/suklee811010/222550526284
467,https://blog.naver.com/lhj02211/222525277340
468,https://blog.naver.com/polojh82/222550067469
469,https://blog.naver.com/tuigi2000/222532976179
470,https://blog.naver.com/kwsaky/222548516418
471,https://blog.naver.com/dldbrud260/222534306515
472,https://blog.naver.com/missionhkc/222549937465
473,https://blog.naver.com/lovetogapyjs/222543148481
474,https://blog.naver.com/narugaon/222543872920
475,https://blog.naver.com/b3aw40s157/222531408395
476,https://blog.naver.com/jmkjmkjmk7235/222552638447
477,https://blog.naver.com/mmaadotori/222549724727
478,https://blog.naver.com/twobit/222532078454
479,https://blog.naver.com/alily33/222554243395
480,https://blog.naver.com/tnstnqorqo/222547981422
481,https://blog.naver.com/wjsvk727/222525198195
482,https://blog.naver.com/gsfoods/222548596292
483,https://blog.naver.com/coq/222528502445
484,https://blog.naver.com/dno06103/222542119747
485,https://blog.naver.com/2281399/222545785817
486,https://blog.naver.com/nasik1620/222550515653
487,https://blog.naver.com/sadramyun/222523634775
488,https://blog.naver.com/tradlinx0522/222536743974
489,https://blog.naver.com/lsh24ma/222550926767
490,https://blog.naver.com/bebu-life/222543146047
491,https://blog.naver.com/dlekdud0319/222548225397
492,https://blog.naver.com/hana3000/222527271710
493,https://blog.naver.com/q860104/222549429652
494,https://blog.naver.com/kgmpcom/222527047592
495,https://blog.naver.com/babucjcj/222539443648
496,https://blog.naver.com/seojun6220/222539508181
497,https://blog.naver.com/thinkfood1/222540552071
498,https://blog.naver.com/pkw3324/222544185013
499,https://blog.naver.com/rladmswn67/222547640816
500,https://blog.naver.com/najube85/222551587651
501,https://blog.naver.com/easycookyori/222524882075
502,https://blog.naver.com/yoolbix/222537173128
503,https://blog.naver.com/mrbean7/222525969651
504,https://blog.naver.com/raniya0408/222530757171
505,https://blog.naver.com/misoo93/222545247334
506,https://blog.naver.com/ediyasongtan/222552228436
507,https://blog.naver.com/toddus1ehd/222531391458
508,https://blog.naver.com/nu_ribest/222528977824
509,https://blog.naver.com/muybien38/222550063762
510,https://blog.naver.com/clarclar/222549009171
511,https://blog.naver.com/market_sangdong/222544826421
512,https://blog.naver.com/gahyejjing/222530045657
513,https://blog.naver.com/mirek2/222536556100
514,https://blog.naver.com/satto0218/222528177780
515,https://blog.naver.com/wazzupyouye/222533970062
516,https://blog.naver.com/zaja1972/222524458475
517,https://aisle-seat.tistory.com/entry/yozm-trend-%EC%B9%98%ED%82%A8%EC%97%85%EA%B3%84%EC%9D%98-%EC%B9%98%ED%82%A8-%EA%B2%8C%EC%9E%84%EC%9D%80-%EB%81%9D%EB%82%AC%EB%8B%A4-BHC-BBQ-%EA%B5%90%EC%B4%8C%EC%9D%98-%EC%9D%B4%EC%9C%A0-%EC%9E%88%EB%8A%94-%EC%82%AC%EC%97%85-%ED%99%95%EC%9E%A5
518,https://blog.naver.com/dnvkd/222526182268
519,https://blog.naver.com/scb72/222553717581
520,https://blog.naver.com/kyi2825/222544831119
521,https://blog.naver.com/aj1595/222546941590
522,https://blog.naver.com/uiouioo173/222552877322
523,https://blog.naver.com/yes1676/222547345756
524,https://blog.naver.com/smile7/222538229043
525,https://blog.naver.com/tajoa19/222547022417
526,https://blog.naver.com/kiseul2/222541414682
527,https://blog.naver.com/cbnu-jbnu/222527105207
528,https://blog.naver.com/today-gimbab/222523326469
529,https://blog.naver.com/a872724/222553107355
530,https://blog.naver.com/pkjongwook/222541660222
531,https://blog.naver.com/bettyej07/222548491825
532,https://blog.naver.com/hyugilove27/222549929386
533,https://blog.naver.com/hananyo/222525259138
534,https://blog.naver.com/segerotec123/222548879145
535,https://blog.naver.com/tallerzzang/222548965563
536,https://blog.naver.com/andher/222552041936
537,https://blog.naver.com/poutian/222530676662
538,https://blog.naver.com/jmp0330/222544607964
539,https://blog.naver.com/smyjvim/222541136714
540,https://blog.naver.com/sysysy0302/222524690370
541,https://blog.naver.com/consu05/222536829370
542,https://blog.naver.com/jheom9/222528911286
543,https://blog.naver.com/lakkoom12/222530461097
544,https://blog.naver.com/applejamn/222543066409
545,https://blog.naver.com/alsdndudgp10/222547934069
546,https://blog.naver.com/ghost2608/222553413422
547,https://blog.naver.com/paradi35/222542591278
548,https://blog.naver.com/ggbsgfrfm/222543845840
549,https://mombook.tistory.com/entry/%EC%9E%A0%EB%93%A4%EA%B8%B0-%EC%A0%84-%EC%A7%A7%EC%9D%80-%EA%B8%80%EB%A1%9C-%EB%AA%85%EC%83%81%ED%95%98%EA%B8%B0
550,https://blog.naver.com/iksanhope/222547856901
551,https://blog.naver.com/saintspy/222541528701
552,https://njkitchen.tistory.com/111
553,https://blog.naver.com/goldentreeconsulting/222524537854
554,https://blog.naver.com/hitina/222525324983
555,https://blog.naver.com/mariabok/222551460067
556,https://blog.naver.com/cool8360/222531192045
557,https://blog.naver.com/sukm83/222543637456
558,https://blog.naver.com/yunaly/222533895425
559,https://blog.naver.com/boraj1551/222526620356
560,https://blog.naver.com/naru0631/222543812979
561,https://blog.naver.com/dlwngml1224/222548007993
562,https://blog.naver.com/hjjoo84/222552432432
563,https://blog.naver.com/dusdlek3218/222545011447
564,https://blog.naver.com/ekdrms0501/222528924351
565,https://blog.naver.com/infostock2018/222536944207
566,https://blog.naver.com/johnkth/222537503682
567,https://blog.naver.com/poutian/222540836875
568,https://blog.naver.com/zillerbar/222554171631
569,https://blog.naver.com/sun2hwa/222546131770
570,https://blog.naver.com/minji2336/222535102086
571,https://blog.naver.com/g1230love/222551397099
572,https://breezehu.tistory.com/240
573,https://blog.naver.com/ezsbiz/222548605593
574,https://blog.naver.com/riplim/222553162734
575,https://blog.naver.com/antillia/222541130800
576,https://blog.naver.com/soo88dal/222538237566
577,https://blog.naver.com/didalfks8924/222547789625
578,https://blog.naver.com/poutian/222529843480
579,https://blog.naver.com/uniquehj/222537585913
580,https://blog.naver.com/sseoteo/222530142592
581,https://blog.naver.com/doctorta/222552473690
582,https://blog.naver.com/ksangs1/222532187373
583,https://blog.naver.com/candle1970/222532820962
584,https://blog.naver.com/ks2990707/222541361476
585,https://blog.naver.com/pdyi/222542723811
586,https://blog.naver.com/kokopelli08/222541441889
587,https://blog.naver.com/rubina444/222543524979
588,https://blog.naver.com/lgodkej4381/222540921606
589,https://blog.naver.com/sjh6105/222547519540
590,https://blog.naver.com/ppuccu86/222542081947
591,https://blog.naver.com/sybj0713/222534491676
592,https://blog.naver.com/bbadaq/222551550570
593,https://blog.naver.com/mcm2922/222527727854
594,https://blog.naver.com/singacat/222539057486
595,https://blog.naver.com/yhpink78/222538583409
596,https://blog.naver.com/captivate_u/222525240613
597,https://blog.naver.com/wwwdolcenet/222552900832
598,https://blog.naver.com/lovehm2104/222549364929
599,https://blog.naver.com/wlsqldnjf/222530482069
600,https://blog.naver.com/cyrano74/222525947413
601,https://blog.naver.com/up_n_down_s2/222532433030
602,https://blog.naver.com/dessert_in_yaff/222529099769
603,https://blog.naver.com/chasso87/222550045307
604,https://blog.naver.com/voicec/222546216214
605,https://blog.naver.com/okiya07/222528410561
606,https://blog.naver.com/coq/222548897020
607,https://blog.naver.com/0813dcba/222542629858
608,https://blog.naver.com/very_good2/222533686263
609,https://blog.naver.com/countrycoke/222543084837
610,https://blog.naver.com/kangshome_top/222546138747
611,https://blog.naver.com/ch02025/222532607633
612,https://blog.naver.com/mananym3/222543485138
613,https://blog.naver.com/llpure_skyll/222546008747
614,https://blog.naver.com/cavare1/222536527444
615,https://blog.naver.com/raccunyang/222554391804
616,https://blog.naver.com/jung_nang_gu/222529945879
617,https://blog.naver.com/sag18/222533828064
618,https://blog.naver.com/hyungmjee/222544565432
619,https://blog.naver.com/dbfladlfjqm/222524458746
620,https://blog.naver.com/saehanfng2017/222541839354
621,https://blog.naver.com/ono0424/222529052224
622,https://blog.naver.com/320djaak/222527118540
623,https://blog.naver.com/imy013013/222522593009
624,https://blog.naver.com/mariabok/222534223258
625,https://blog.naver.com/aelee38/222553822700
626,https://blog.naver.com/cdh5187/222550155456
627,https://blog.naver.com/o0402o/222538270806
628,https://blog.naver.com/fromage/222538528879
629,https://blog.naver.com/voicec/222530325555
630,https://blog.naver.com/nini1207/222539744881
631,https://blog.naver.com/consu05/222540579504
632,https://blog.naver.com/dada_0308/222553365185
633,https://blog.naver.com/solomon1001/222527700002
634,https://blog.naver.com/poutian/222528247638
635,https://blog.naver.com/gracejh0505/222544867535
636,https://blog.naver.com/thinkfood1/222547633694
637,https://blog.naver.com/unmix/222543469629
638,https://lara.tistory.com/2854
639,https://blog.naver.com/mrschoi2022/222532284230
640,https://blog.naver.com/daisyounghwa/222547531819
641,https://blog.naver.com/topkeep11/222529691417
642,https://blog.naver.com/grace3013/222549034497
643,https://blog.naver.com/newsnanumy/222554356380
644,https://blog.naver.com/kimpospace/222544204049
645,https://blog.naver.com/jimini0_0/222544948852
646,https://blog.naver.com/viadolorosa1/222543516180
647,https://blog.naver.com/congsoon22/222537384978
648,https://blog.naver.com/daisyounghwa/222541341685
649,https://blog.naver.com/wanna2u/222538992127
650,https://blog.naver.com/triton_35/222547472947
651,https://blog.naver.com/okdh81/222541297326
652,https://blog.naver.com/th_media/222543112652
653,https://blog.naver.com/suztal1403/222540753108
654,https://blog.naver.com/khjjsm7/222537881819
655,https://blog.naver.com/dobotv/222533313770
656,https://blog.naver.com/sencecool71/222531792519
657,https://blog.naver.com/sara0205/222530312442
658,https://blog.naver.com/samsung_korea/222530050184
659,https://blog.naver.com/mj_4819/222542075146
660,https://blog.naver.com/lovely_peace/222530613340
661,https://blog.naver.com/naverlaw/222527194626
662,https://blog.naver.com/sullaii/222542566244
663,https://blueplastic.tistory.com/6620
664,https://blog.naver.com/theboni/222544032695
665,https://blog.naver.com/snk0411/222544617463
666,https://blog.naver.com/choy__e/222527082092
667,https://blog.naver.com/mhnail/222549322607
668,https://blog.naver.com/danbeeyoun/222540977574
669,https://blog.naver.com/thinkfood1/222547583201
670,https://blog.naver.com/isthisheaven/222549421063
671,https://blog.naver.com/juliekoku/222545672423
672,https://blog.naver.com/jiyu1220/222546202459
673,https://blog.naver.com/realst11/222537176529
674,https://blog.naver.com/gbtr0322/222531062067
675,https://blog.naver.com/rhs5442/222552556303
676,https://onejoojoo.tistory.com/179
677,https://blog.naver.com/foodtoday1/222545028406
678,https://blog.naver.com/wducky/222531248551
679,https://blog.naver.com/jhng0961/222552824199
680,https://blog.naver.com/mushroomnews/222531183791
681,https://blog.naver.com/kimmerrymerry/222532678898
682,https://blog.naver.com/salsalsun/222525944108
683,https://blog.naver.com/didrudals12/222529446508
684,https://blog.naver.com/j02nara/222536090813
685,https://blog.naver.com/666chunsa/222539272090
686,https://blog.naver.com/chaesundang123/222549737702
687,https://blog.naver.com/jheom9/222527722146
688,https://blog.naver.com/biology_kim/222554192551
689,https://blog.naver.com/jisu1058/222522500688
690,https://blog.naver.com/lsy7334/222553336256
691,https://blog.naver.com/kmjj0402/222549972200
692,https://blog.naver.com/aflo2017/222543855685
693,https://blog.naver.com/allppm/222542592274
694,https://blog.naver.com/hj_lee81/222553447195
695,https://blog.naver.com/eogmleh/222548777902
696,https://blog.naver.com/ljubavu/222523515908
697,https://blog.naver.com/kokoo_4/222541778206
698,https://blog.naver.com/sarah000212/222545124163
699,https://blog.naver.com/bbtoop/222532942971
700,https://enterfn.tistory.com/2807
701,https://blog.naver.com/seenedom/222551332052
702,https://blog.naver.com/poutian/222533996716
703,https://blog.naver.com/sunsun1890/222544612565
704,https://blog.naver.com/hslove8181-/222550879057
705,https://blog.naver.com/sumi9790/222548251812
706,https://blog.naver.com/tlbl0201/222551281549
707,https://blog.naver.com/hoperecipe/222524528337
708,https://blog.naver.com/possess90/222550602922
709,https://blog.naver.com/wdnews/222529862980
710,https://blog.naver.com/ekdms7146/222540887319
711,https://blog.naver.com/wony_91/222548653671
712,https://blog.naver.com/westside1472/222541958276
713,https://blog.naver.com/makemage27/222549916942
714,https://blog.naver.com/peachblossom1812/222527821849
715,https://blog.naver.com/diplomat81/222530297789
716,https://blog.naver.com/hosanglim/222549889139
717,https://blog.naver.com/mytown_/222531170695
718,https://blog.naver.com/yippee0112/222553315524
719,https://blog.naver.com/htt700/222551621223
720,https://blog.naver.com/codms823/222549970175
721,https://blog.naver.com/youra830316/222539475519
722,https://blog.naver.com/kimjina1504/222542102819
723,https://blog.naver.com/bellademuse/222544074181
724,https://blog.naver.com/waterline012/222522201991
725,https://blog.naver.com/wkrnchs99/222545241525
726,https://blog.naver.com/itnamu/222539175464
727,http://cintamani.egloos.com/4441535
728,https://blog.naver.com/abcde97531/222523248112
729,https://blog.naver.com/macarondaisuki/222532725480
730,https://blog.naver.com/0929yu/222530575104
731,https://blog.naver.com/aksenthrtkf14/222531649122
732,https://blog.naver.com/hyennna/222554356893
733,https://blog.naver.com/jealous_kr/222524669320
734,https://blog.naver.com/cworld12/222530273456
735,https://blog.naver.com/prejiii/222538115698
736,https://blog.naver.com/m57k3sxdvl4/222536589848
737,https://blog.naver.com/enxpddl/222553668707
738,https://blog.naver.com/biz_idea/222536662233
739,https://blog.naver.com/cufspr/222545087716
740,https://blog.naver.com/mananym3/222535377431
741,https://blog.naver.com/maybe0411/222532111468
742,https://blog.naver.com/perec/222549545999
743,https://blog.naver.com/krishnaa/222544697685
744,https://blog.naver.com/hoyy7943/222554122436
745,https://blog.naver.com/jinee7198/222543892861
746,https://blog.naver.com/to_jinwoo/222525969283
747,https://blog.naver.com/seoni06/222552901994
748,https://blog.naver.com/migaktime/222539736982
749,https://blog.naver.com/dlaxoqhd80/222548713311
750,https://blog.naver.com/rbglgl87/222535773265
751,https://blog.naver.com/coni-bori/222523151667
752,https://blog.naver.com/hipup111/222552284071
753,https://blog.naver.com/deenamom/222552583442
754,https://blog.naver.com/nohharim/222553415223
755,https://blog.naver.com/yes1676/222535380568
756,https://blog.naver.com/zoahyin/222523224336
757,https://blog.naver.com/tearshje/222528273139
758,https://blog.naver.com/hyomoo7980/222532815936
759,https://blog.naver.com/lottesamkang/222547523739
760,https://blog.naver.com/omyota/222527546304
761,https://blog.naver.com/s2-sumin/222546855906
762,https://blog.naver.com/b200308/222535419903
763,https://blog.naver.com/blogourhome/222536720477
764,https://blog.naver.com/robincoffee/222537711804
765,https://blog.naver.com/injeju600/222540464773
766,https://blog.naver.com/nana777i/222531159257
767,https://blog.naver.com/kate_0621/222536043020
768,https://blog.naver.com/chjnkn/222525360850
769,https://blog.naver.com/aburnside/222524286523
770,https://blog.naver.com/nameui/222531237086
771,https://blog.naver.com/jungeun_k/222551628833
772,https://blog.naver.com/syj11024/222525585109
773,https://blog.naver.com/nobbob/222531370107
774,https://blog.naver.com/7hyeyoon7/222529585200
775,https://blog.naver.com/psy08160/222537135613
776,https://blog.naver.com/jiaejoy/222554421079
777,https://blog.naver.com/that_chuoo/222549093033
778,https://blog.naver.com/zzz7048120/222553121228
779,https://blog.naver.com/lovelyheej/222527440723
780,https://blog.naver.com/realmoneynews/222540516116
781,https://blog.naver.com/ioymonsj/222536020063
782,https://blog.naver.com/ether99/222527421353
783,https://blog.naver.com/yoonseul_photo/222526733842
784,https://blog.naver.com/jjong6643/222536826751
785,https://blog.naver.com/justaday1256/222540788105
786,https://blog.naver.com/pax2102/222544358863
787,https://blog.naver.com/jmoon37/222546171278
788,https://blog.naver.com/iloveblacksesame/222529145227
789,https://blog.naver.com/hafoom77/222535724148
790,https://blog.naver.com/yym3603/222554310847
791,https://blog.naver.com/pssunne/222538270966
792,https://blog.naver.com/omkwon03/222542543531
793,https://blog.naver.com/cbe_news/222543804141
794,https://blog.naver.com/004cr/222538040716
795,https://lara.tistory.com/entry/%EC%B9%98%ED%8C%85%EB%8D%B0%EC%9D%B4%EB%A9%94%EB%89%B4-%EA%B0%80%EC%A0%95%EA%B0%84%ED%8E%B8%EC%8B%9D%EB%B0%80%ED%82%A4%ED%8A%B8-%EB%B6%84%EC%8B%9D%EC%A7%91%EB%A9%94%EB%89%B4
796,https://blog.naver.com/bomsinaelo/222526235341
797,https://blog.naver.com/uni517/222537670699
798,https://blog.naver.com/ljubavu/222550868196
799,https://blog.naver.com/nhjw86/222525977509
800,https://blog.naver.com/fcmediacokr/222528340789
801,https://blog.naver.com/yedang_food/222550104920
802,https://blog.naver.com/juunlee/222553272272
803,https://blog.naver.com/foodtoday1/222536490254
804,https://blog.naver.com/choigh92/222529127833
805,https://blog.naver.com/sobread_/222548575136
806,https://blog.naver.com/kunu26/222546866881
807,https://blog.naver.com/gktjf12/222552035700
808,https://blog.naver.com/kbit1700/222525208284
809,https://blog.naver.com/holyspirit_2/222549840078
810,https://blog.naver.com/rkfla0917/222523279343
811,https://blog.naver.com/newsnanumy/222546033886
812,https://blog.naver.com/dpwls200/222544003558
813,https://blog.naver.com/kay841024/222534080508
814,https://blog.naver.com/blogourhome/222535743951
815,https://blog.naver.com/neologis/222542414390
816,https://blog.naver.com/imbig8848/222523089852
817,https://blog.naver.com/yun1486/222545167327
818,https://blog.naver.com/chyung1505/222523171362
819,https://blog.naver.com/fhdflcl1/222551519582
820,https://blog.naver.com/eatplaylove7/222551398428
821,https://blog.naver.com/dldydwjd000/222551687384
822,https://blog.naver.com/megashowstar/222535980660
823,https://blog.naver.com/cyrano74/222529400968
824,https://blog.naver.com/joacookjoa/222543083211
825,https://blog.naver.com/i171942/222547574504
826,https://blog.naver.com/wkqhs-/222542587742
827,https://blog.naver.com/cmkks/222548496852
828,https://blog.naver.com/goldbear33/222554335872
829,https://blog.naver.com/ivy862/222524656618
830,https://blog.naver.com/ihjihj87/222531960939
831,https://blog.naver.com/tocochip1223/222539540828
832,https://blog.naver.com/thinkfood1/222528511798
833,https://blog.naver.com/zla6923/222527518696
834,https://blog.naver.com/hyungiwa/222536158501
835,https://blog.naver.com/cenatan/222552033216
836,https://blog.naver.com/hihihim1/222552140213
837,https://blog.naver.com/imy013013/222525653124
838,https://blog.naver.com/dldbrud260/222551164474
839,https://blog.naver.com/oketanioh/222540009597
840,https://blog.naver.com/solomon1001/222529757035
841,https://blog.naver.com/gusal2526/222549846930
842,https://blog.naver.com/babyks1/222545718177
843,https://blog.naver.com/hes2028/222554445625
844,https://blog.naver.com/oek0218/222543866981
845,https://blog.naver.com/s132334/222532320777
846,https://blog.naver.com/dahye5023/222528400781
847,https://blog.naver.com/chafoodbio/222533656984
848,https://blog.naver.com/smpys715/222522655995
849,https://blog.naver.com/jeep32/222543601274
850,https://blog.naver.com/sajodaerim_official/222543591111
851,https://blog.naver.com/kimjungm625/222539208796
852,https://blog.naver.com/wndk1011/222551744157
853,https://blog.naver.com/hohoyai_3/222554407697
854,https://blog.naver.com/fjqmttjs/222535468575
855,https://blog.naver.com/ds_online01/222543705586
856,https://blog.naver.com/loofl7/222528526005
857,https://blog.naver.com/coa0123/222542542438
858,https://blog.naver.com/liking607/222545441485
859,https://blog.naver.com/dkssk7/222529079107
860,https://blog.naver.com/foodtoday1/222530773169
861,https://blog.naver.com/qhkqhdi4646/222539884013
862,https://blog.naver.com/voicec/222550653269
863,https://blog.naver.com/hanssi119/222551513690
864,https://blog.naver.com/jbdream06/222542136449
865,https://blog.naver.com/liking607/222543699916
866,https://blog.naver.com/mybebess/222544648221
867,https://blog.naver.com/yaz8068/222524263300
868,https://blog.naver.com/3frich/222527588570
869,https://blog.naver.com/ranyzz/222523192133
870,https://blog.naver.com/rfkang49/222545044566
871,https://blog.naver.com/ddoricouple/222554244941
872,https://blog.naver.com/ugnet/222552603215
873,https://blog.naver.com/nuri527/222538285370
874,https://blog.naver.com/aflo2017/222530825486
875,https://blog.naver.com/sjhlulu/222539753149
876,https://opinionx.khan.kr/entry/%EA%B8%B0%EA%B3%A0%ED%95%9C%EB%A5%98-%ED%83%80%EA%B3%A0-%EC%98%A8%EB%9D%BC%EC%9D%B8-%EC%88%98%EC%B6%9C-%ED%99%95%EB%8C%80%EB%90%98%EB%8A%94-K%EC%9E%84%EC%82%B0%EB%AC%BC
877,https://blog.naver.com/cldnjs111/222527537804
878,https://blog.naver.com/minzzy87/222527799666
879,https://blog.naver.com/mrbean7/222528215135
880,https://blog.naver.com/sayjhy3333/222551227378
881,https://blog.naver.com/htiger31/222550345565
882,https://blog.naver.com/lyun1024/222545674522
883,https://blog.naver.com/mhjeong777/222552083561
884,https://blog.naver.com/supreme0180/222552866691
885,https://blog.naver.com/schau0748/222553731212
886,https://blog.naver.com/bartelby/222529704612
887,https://blog.naver.com/aoisora2/222545516749
888,https://blog.naver.com/boctor13579/222532965453
889,https://blog.naver.com/ekqkd9999/222547459029
890,https://blog.naver.com/sw_note/222544610690
891,https://blog.naver.com/anmik91033/222549508805
892,https://blog.naver.com/95_su_j/222537871632
893,https://blog.naver.com/rainbow2653/222539708083
894,https://blog.naver.com/hhhj7017/222551628848
895,https://blog.naver.com/yeseo13/222539553833
896,https://blog.naver.com/chceka/222532956271
897,https://blog.naver.com/boreum_k/222552678722
898,https://blog.naver.com/grhanna/222532221979
899,https://blog.naver.com/33ehddks/222523122208
900,http://www.issueedico.co.kr/news/article.html?no=21174
901,https://blog.naver.com/mimoa88/222554074993
902,https://blog.naver.com/004cr/222523550366
903,https://blog.naver.com/iljy1001/222532457376
904,https://blog.naver.com/ether99/222526975103
905,https://blog.naver.com/zidaeru83/222539673983
906,https://blog.naver.com/zzzopq123/222537874665
907,https://blog.naver.com/stopchu/222532734545
908,https://blog.naver.com/hyeran_0925/222542057710
909,https://blog.naver.com/vnvnvv83/222543216216
910,https://blog.naver.com/endless7016/222541846108
911,https://blog.naver.com/gense2song/222547819791
912,https://blog.naver.com/juneefood/222540355082
913,https://blog.naver.com/seojw6608/222542380084
914,https://blog.naver.com/bbok_mom/222528990760
915,https://blog.naver.com/korea_she/222525955131
916,https://blog.naver.com/jedidiah69/222541814495
917,https://blog.naver.com/positivegoal/222534583343
918,https://blog.naver.com/dnvkd/222527282275
919,https://sooyu.tistory.com/524
920,https://blog.naver.com/feverssible/222533474596
921,https://blog.naver.com/swnewspaper/222536500029
922,https://blog.naver.com/nijb25/222553484892
923,https://blog.naver.com/monthlypeople/222550019275
924,https://blog.naver.com/vivichef9926/222528595831
925,https://blog.naver.com/cknyeong/222537424190
926,https://blog.naver.com/hun4339/222530944682
927,https://blog.naver.com/kimjung0628/222545945811
928,https://blog.naver.com/prettycuteej/222549374735
929,https://blog.naver.com/can1505/222533450636
930,https://blog.naver.com/ic0722/222541905401
931,https://blog.naver.com/njayn/222530553614
932,https://blog.naver.com/milky_way159/222541702247
933,https://blog.naver.com/coco_qqnd/222539505057
934,https://blog.naver.com/kmjj0402/222542731356
935,https://blog.naver.com/luckvisit/222548891169
936,https://blog.naver.com/hwa202/222530186397
937,https://blog.naver.com/jshpink82/222526349827
938,https://blog.naver.com/hecate99/222539840656
939,https://blog.naver.com/yangklee/222553907310
940,https://blog.naver.com/hunny8285/222531440131
941,https://blog.naver.com/skdudghktxld/222524599275
942,https://blog.naver.com/oms0852/222544051378
943,https://blog.naver.com/kyh1000/222540381772
944,https://blog.naver.com/aoisora2/222524854355
945,https://blog.naver.com/jshyun86/222539934252
946,https://blog.naver.com/rfkang49/222545949089
947,https://blog.naver.com/lemonmommy/222552866935
948,https://blog.naver.com/audwls9622/222525709325
949,https://blog.naver.com/antillia/222536218243
950,https://blog.naver.com/dldbrud260/222545095070
951,https://blog.naver.com/baby_bbo/222535643238
952,https://blog.naver.com/hyunzinkim/222541814725
953,https://blog.naver.com/qkrwoals0898/222536117660
954,https://blog.naver.com/free7love/222550707877
955,https://blog.naver.com/suhyup_nf/222527478467
956,https://blog.naver.com/star2hehehe/222529706086
957,https://blog.naver.com/chaewonhan/222524266920
958,https://blog.naver.com/hiksanin/222529783738
959,https://blog.naver.com/jmhjms86/222544021275
960,https://blog.naver.com/0sik0sikno/222553560697
961,https://blog.naver.com/kwonty3388/222535350064
962,https://blog.naver.com/newsplus/222534610263
963,https://blog.naver.com/sailor3/222554550998
964,https://blog.naver.com/hannalae1004/222542116724
965,https://blog.naver.com/clrhk0106/222527247181
966,https://blog.naver.com/mj41622/222527704087
967,https://blog.naver.com/bkm6601/222534496211
968,https://blog.naver.com/wlgus5427/222539975162
969,https://blog.naver.com/hkh1338/222537700974
970,https://blog.naver.com/ysm2747/222551737281
971,https://blog.naver.com/mdew3854/222542423001
972,https://blog.naver.com/voicec/222542039009
973,https://blog.naver.com/jsuk1920/222552392532
974,https://blog.naver.com/42chkh/222546068482
975,https://blog.naver.com/come00000/222542331426
976,https://blog.naver.com/sajodaerim_official/222529781486
977,https://blog.naver.com/fsmd21/222538486400
978,https://blog.naver.com/dbsh3377/222526489732
979,https://blog.naver.com/syfckorea/222526312245
980,https://blog.naver.com/choejds/222545106105
981,https://blog.naver.com/hyugilove27/222543062717
982,https://blog.naver.com/lavenda27/222542050958
983,https://blog.naver.com/chs5678/222552798398
984,https://blog.naver.com/newsnanumy/222542702235
985,https://blog.naver.com/sekyongan/222526577001
986,https://blog.naver.com/sotlawkd44/222539995374
987,https://blog.naver.com/dudwl0422/222554314597
988,https://blog.naver.com/chyonny/222526783251
989,https://blog.naver.com/jyydbs/222546583804
990,https://blog.naver.com/mananym3/222551986670
991,https://blog.naver.com/pluskbh/222549677499
992,https://blog.naver.com/juneefood/222531445405
993,https://blog.naver.com/pjs-6672/222537252765
994,https://blog.naver.com/dbdrkf/222533968975
995,https://blog.naver.com/yes1676/222544554873
996,https://blog.naver.com/taiji15/222525526777
997,https://blog.naver.com/lin801/222526335204
998,https://blog.naver.com/durud7777/222526061246
999,https://blog.naver.com/crispynote/222537684503
1000,https://blog.naver.com/sukhs0114/222535067823
1001,https://blog.naver.com/sungwoo2018/222548911118
1002,https://blog.naver.com/insaq/222532904398
1003,https://blog.naver.com/goldentreeconsulting/222553667723
1004,https://blog.naver.com/mcmaximum1/222535089985
1005,https://blog.naver.com/sinhyhj/222534359766
1006,https://blog.naver.com/hellobeom_/222549803784
1007,https://blog.naver.com/ssshelia/222540063032
1008,https://blog.naver.com/milky_way159/222527599974
1009,https://blog.naver.com/comem/222554066450
1010,https://blog.naver.com/psy08160/222535626560
1011,https://blog.naver.com/mangopia/222527567559
1012,https://blog.naver.com/wlaud3443/222546565073
1013,https://blog.naver.com/feverssible/222536043621
1014,https://blog.naver.com/to_jinwoo/222524573372
1015,https://blog.naver.com/wdfday6279/222529846636
1016,https://blog.naver.com/mrbean7/222552046124
1017,https://blog.naver.com/pinelemon/222544869085
1018,https://blog.naver.com/tlrksckdrh/222539820144
1019,https://blog.naver.com/jyhccn1/222553693322
1020,https://blog.naver.com/alba1004k/222527369589
1021,https://blog.naver.com/sksqkrgpwls/222545559052
1022,https://blog.naver.com/hoegod6004/222551229686
1023,https://blog.naver.com/midansmh/222545118012
1024,https://blog.naver.com/isis0905/222530611688
1025,https://blog.naver.com/kmaeil1989/222547838792
1026,https://blog.naver.com/moonma02/222538250059
1027,https://blog.naver.com/tututuu/222551073974
1028,https://blog.naver.com/andysuran8388/222528613281
1029,https://blog.naver.com/mdbs4113/222536904440
1030,https://blog.naver.com/okkksj/222528586381
1031,https://blog.naver.com/zooty7979/222542732455
1032,https://blog.naver.com/smile00870/222527567248
1033,https://blog.naver.com/bk-1981/222527159189
1034,https://blog.naver.com/voicec/222525639503
1035,https://blog.naver.com/soo88dal/222543589184
1036,https://blog.naver.com/2wol0228/222553513295
1037,https://blog.naver.com/hyoung0224/222548681944
1038,https://blog.naver.com/tjstnr32/222549826665
1039,https://blog.naver.com/hjwyj1017/222530755639
1040,https://blog.naver.com/ningss01/222526174677
1041,https://blog.naver.com/ylangylang15/222527809073
1042,https://blog.naver.com/hun4339/222530971156
1043,https://blog.naver.com/o0o_os2/222545217182
1044,https://blog.naver.com/isido99/222535999806
1045,https://blog.naver.com/achim03/222526098348
1046,https://blog.naver.com/6338hjkl/222533754461
1047,https://blog.naver.com/free7love/222539996671
1048,https://blog.naver.com/thdwndus10/222541585185
1049,https://blog.naver.com/jonam0615/222532946377
1050,https://blog.naver.com/hagyung6/222545187643
1051,https://blog.naver.com/solo-traveller/222527900062
1052,https://blog.naver.com/sdnara/222526672699
1053,https://blog.naver.com/skstbvjcjqj/222553671718
1054,https://blog.naver.com/nizikyung/222530284826
1055,https://blog.naver.com/galpengii/222528094826
1056,https://blog.naver.com/germichoybsnv/222538243474
1057,https://blog.naver.com/dbgpal77/222530167860
1058,https://blog.naver.com/skbr627/222526431517
1059,https://blog.naver.com/cuno36149m/222526334781
1060,https://blog.naver.com/ahwl555/222546160604
1061,https://blog.naver.com/youridalbit/222545726876
1062,https://blog.naver.com/rjdebqud220/222547835035
1063,https://blog.naver.com/prt_ym/222551057026
1064,https://blog.naver.com/korfish01/222537860439
1065,https://blog.naver.com/bijeslee/222541397323
1066,https://blog.naver.com/coom91/222526491729
1067,https://ty3026.tistory.com/340
1068,https://blog.naver.com/seran000/222544852830
1069,https://blog.naver.com/vitajk/222537365868
1070,https://blog.naver.com/nowwegom/222524563327
1071,https://blog.naver.com/yoolbix/222547153004
1072,https://blog.naver.com/dolsyoung/222524343604
1073,https://blog.naver.com/daham-i/222538789266
1074,https://blog.naver.com/smile--happy/222546810536
1075,https://blog.naver.com/tarepanda21/222523554228
1076,https://blog.naver.com/lcnews9/222546702039
1077,https://blog.naver.com/ddduu27/222523038436
1078,https://blog.naver.com/rladudrhkd31/222527503665
1079,https://blog.naver.com/hsg_3402114/222552117858
1080,https://blog.naver.com/dkfhawl/222544793148
1081,https://blog.naver.com/evolve0702/222531043214
1082,https://blog.naver.com/1965pp/222544098473
1083,https://blog.naver.com/lovedbear/222543216790
1084,https://blog.naver.com/nahnon/222553369852
1085,https://blog.naver.com/mindcafe77/222528088083
1086,https://blog.naver.com/ginalover/222527752354
1087,https://blog.naver.com/sne2ehtl/222547989991
1088,https://blog.naver.com/liking607/222532135313
1089,https://blog.naver.com/melodyoflife/222542661416
1090,https://blog.naver.com/oyeso/222547345615
1091,https://blog.naver.com/thinkfood1/222542702641
1092,https://blog.naver.com/skhl/222530520199
1093,https://blog.naver.com/gsurc/222528301859
1094,https://blog.naver.com/boctor13579/222547624133
1095,https://blog.naver.com/jmoon37/222540728219
1096,https://blog.naver.com/fmhaccp/222523176684
1097,https://blog.naver.com/allstudio/222543606380
1098,https://blog.naver.com/godhunting/222541589534
1099,https://blog.naver.com/headenmnc/222540313310
1100,https://blog.naver.com/choco520/222542153296
1101,https://blog.naver.com/inganhs/222534206060
1102,https://blog.naver.com/wnsdyd125/222524160480
1103,https://blog.naver.com/raebinni/222529046667
1104,https://blog.naver.com/qswd1404/222547516287
1105,https://blog.naver.com/ghdlt86/222546995455
1106,https://blog.naver.com/hnewskr/222547417101
1107,https://blog.naver.com/kkkkk_hee2131/222535359853
1108,https://blog.naver.com/119singo/222538324187
1109,https://blog.naver.com/bjw1980/222524692043
1110,https://blog.naver.com/ysm2747/222539993323
1111,https://blog.naver.com/cyhksk1223/222530144867
1112,https://blog.naver.com/3345/222533399355
1113,https://blog.naver.com/goldentreeconsulting/222526165945
1114,https://blog.naver.com/dlrnjsrlwkd/222529201986
1115,https://blog.naver.com/chwewonsuk/222544742570
1116,https://blog.naver.com/0sky0sky/222536041470
1117,https://blog.naver.com/triton_35/222544692520
1118,https://blog.naver.com/dasoni123/222539050855
1119,https://blog.naver.com/hengamlove/222550500250
1120,https://blog.naver.com/hnewskr/222545596084
1121,https://blog.naver.com/musicislove/222544181574
1122,https://blog.naver.com/liking607/222528970397
1123,https://blog.naver.com/sjjeon001/222523387492
1124,https://blog.naver.com/goldentreeconsulting/222534064325
1125,https://blog.naver.com/thetourlounge/222546652470
1126,https://blog.naver.com/paradise325/222530999493
1127,https://blog.naver.com/yanokorea/222552262958
1128,https://blog.naver.com/heeroyui/222545199048
1129,https://blog.naver.com/happy_bolbol/222548904134
1130,https://blog.naver.com/mjmj0006/222527078512
1131,https://blog.naver.com/toy528/222554286249
1132,https://blog.naver.com/ddpsr1126/222528176632
1133,https://blog.naver.com/guramy46/222546912177
1134,https://blog.naver.com/whooto/222536549896
1135,https://blog.naver.com/sonjang2/222527541556
1136,https://blog.naver.com/violin21/222547813129
1137,https://blog.naver.com/poutian/222546841213
1138,https://blog.naver.com/oo4114/222528155274
1139,https://blog.naver.com/gimcheonnews/222553156071
1140,https://blog.naver.com/megamart6318/222531166962
1141,https://blog.naver.com/kdkc1590/222549354153
1142,https://blog.naver.com/aflo2017/222544751724
1143,https://blog.naver.com/dreamfood1004/222550752442
1144,https://blog.naver.com/klp654/222540177499
1145,https://blog.naver.com/youanttmr/222549852575
1146,https://blog.naver.com/sunflower371/222541121055
1147,https://blog.naver.com/pulmuonefnc/222552152272
1148,https://blog.naver.com/lhs29090/222546481537
1149,https://blog.naver.com/s-econ/222536767616
1150,https://blog.naver.com/modzstyle/222541368033
1151,https://blog.naver.com/skrkddlsgp/222536719406
1152,https://blog.naver.com/sy1216_/222530154139
1153,https://blog.naver.com/twomanfnb/222536757328
1154,https://blog.naver.com/bbosya81/222525441406
1155,https://blog.naver.com/gaoblade/222537597580
1156,https://blog.naver.com/taebaksan2/222540577255
1157,https://blog.naver.com/goodbuy7777/222553668530
1158,https://blog.naver.com/gng-lazboy-ihw/222553070829
1159,https://blog.naver.com/hsw28659/222541141921
1160,https://blog.naver.com/thinkfood1/222535665708
1161,https://blog.naver.com/shop2930/222546557934
1162,https://blog.naver.com/nudero02/222524679294
1163,https://blog.naver.com/naze01/222544724448
1164,https://blog.naver.com/happy801213/222541045489
1165,https://blog.naver.com/chicken3ram/222530752160
1166,https://blog.naver.com/maumksd/222552024310
1167,https://blog.naver.com/handyaki/222530151243
1168,https://blog.naver.com/dlditgh999/222532232664
1169,https://blog.naver.com/flowerslife104/222538018123
1170,https://blog.naver.com/dlgywjddlaz/222521739934
1171,https://blog.naver.com/segenahn/222527608007
1172,https://blog.naver.com/andbooks/222544810277
1173,https://blog.naver.com/choiblossom-/222542936630
1174,https://blog.naver.com/hnnne/222541853078
1175,https://blog.naver.com/ysm2747/222546217959
1176,https://blog.naver.com/benedicta39/222533095357
1177,https://blog.naver.com/angela8846/222550993793
1178,https://blog.naver.com/nuroonge/222548553073
1179,https://blog.naver.com/eppn326/222535926203
1180,https://blog.naver.com/cadooern/222544991591
1181,https://blog.naver.com/edoaaa/222548065173
1182,https://blog.naver.com/rachel_ds/222538925783
1183,https://blog.naver.com/rlawndud1541/222553466596
1184,https://blog.naver.com/mirek2/222530788030
1185,https://blog.naver.com/pulmuonefnc/222527130834
1186,https://blog.naver.com/iangel76/222542159514
1187,https://blog.naver.com/haeoreum338/222552191942
1188,https://blog.naver.com/smju0801/222548239761
1189,https://blog.naver.com/lovejh225/222528765809
1190,https://blog.naver.com/antillia/222540078790
1191,https://blog.naver.com/schicksal77/222529937652
1192,https://blog.naver.com/neomgl/222549745083
1193,https://blog.naver.com/uu028/222542081004
1194,https://blog.naver.com/wlgustnwow/222539101104
1195,https://blog.naver.com/youmarryme/222541441269
1196,https://blog.naver.com/bbqchicken77/222527075826
1197,https://blog.naver.com/arumi__/222534525544
1198,https://blog.naver.com/hjde0024/222540054302
1199,https://blog.naver.com/grlee61/222528738395
1200,https://blog.naver.com/applecouple/222523410507
1201,https://blog.naver.com/hottown0314/222525018932
1202,https://blog.naver.com/larking1111/222522893404
1203,https://blog.naver.com/fjqmttjs/222535395529
1204,https://blog.naver.com/krm0219/222524298601
1205,https://blog.naver.com/bsy615/222532007125
1206,https://blog.naver.com/balbadac79/222524591719
1207,https://blog.naver.com/talents35/222552201111
1208,https://blog.naver.com/artju0715/222548319446
1209,https://blog.naver.com/656a/222550140847
1210,https://blog.naver.com/kkok8999/222525530483
1211,https://blog.naver.com/chair2019/222540262297
1212,https://blog.naver.com/duswn3503/222536573695
1213,https://blog.naver.com/sailor_mkt/222547549979
1214,https://blog.naver.com/jyooster/222552211624
1215,https://blog.naver.com/today-chef/222552777955
1216,https://blog.naver.com/newsnanumy/222523906108
1217,https://blog.naver.com/haeri1208/222523205469
1218,https://blog.naver.com/kjn48/222534688427
1219,https://blog.naver.com/wlsdud224/222529015284
1220,https://blog.naver.com/dduckalswjd/222531533304
1221,https://blog.naver.com/ehguddkfma1/222544137497
1222,https://blog.naver.com/carura84/222523043682
1223,https://blog.naver.com/ijiyoung77/222527871356
1224,https://blog.naver.com/andbooks/222547465865
1225,https://blog.naver.com/csh12881/222527131651
1226,https://blog.naver.com/tuna64/222523136633
1227,https://blog.naver.com/yes1676/222547334045
1228,https://blog.naver.com/annykoh/222529973418
1229,https://blog.naver.com/naipo000/222549984873
1230,https://blog.naver.com/rhs5442/222546044027
1231,https://blog.naver.com/canablind/222551132645
1232,https://blog.naver.com/samihun_kr/222534401722
1233,https://blog.naver.com/creak17/222528354179
1234,https://blog.naver.com/manjaedo1004/222549785689
1235,https://blog.naver.com/ymy1109kr/222540030104
1236,https://blog.naver.com/dankun2018/222547726886
1237,https://blog.naver.com/cute1006/222542173727
1238,https://blog.naver.com/enregistrer/222549958715
1239,https://blog.naver.com/atomymall100/222535465751
1240,https://blog.naver.com/xhakxhqndls/222545757835
1241,https://blog.naver.com/bootoyou/222546853847
1242,https://blog.naver.com/hellohaccp/222529754939
1243,https://blog.naver.com/myeong_h/222552586413
1244,https://blog.naver.com/power2know/222529929143
1245,https://blog.naver.com/megamart6318/222542061104
1246,https://blog.naver.com/baby0817/222544089289
1247,https://blog.naver.com/ether99/222523925961
1248,https://blog.naver.com/hanrg2/222534726064
