,검색결과,음식점
0,0(0.22초),애플하우스 이수
1,5(0.25초),원조부안집
2,1(0.20초),세녹
3,4(0.23초),스시로로
4,5(0.26초),방배김밥
5,4(0.29초),전주전집
6,0(0.23초),이수통닭
7,88(0.29초),소담촌
8,4(0.20초),호우양꼬치
9,24(0.32초),호요
10,0(0.23초),훈감동
11,50(0.26초),오센
12,4(0.24초),라화방
13,0(0.26초),이수회관
14,0(0.29초),신사펍
15,2(0.22초),삼육가
16,5(0.33초),딥다이브
17,2(0.28초),비엔나커피하우스
18,3(0.29초),남미플랜트랩
19,5(0.25초),올라아보
20,3(0.31초),리에또
21,0(0.31초),갈비연구소
22,4(0.32초),디피스트
23,4(0.31초),유정우함흥냉면
24,0(0.27초),곱창나라
25,35(0.41초),청와옥
26,2(0.33초),도너츠윤
27,0(0.35초),그릴진
28,40(0.41초),바른식
29,4(0.37초),정작가의막걸리집
30,1(0.25초),리틀크레이지피자
31,69(0.41초),쟝블랑제리
32,0(0.29초),방배양곱창
33,3(0.31초),어사출또
34,0(0.21초),다피타시그니처
35,5(0.39초),강고집
36,"38,200(0.44초)",스타벅스
37,"6,140(0.53초)",개화
38,0(0.21초),부엌쟁이
39,2(0.37초),태양커피
40,0(0.28초),초동집
41,0(0.28초),페니힐스
42,0(0.26초),초와밥
43,2(0.30초),요란한부엌
44,3(0.40초),농부쌈밥
45,9(0.48초),육촌
46,5(0.39초),가마솥손두부
47,6(0.29초),도쿄빙수
48,0(0.31초),소백양훠궈샤브
49,0(0.34초),카페노티드 서래
50,0(0.32초),도어이스케이프
51,0(0.22초),남궁야
52,5(0.32초),미소의집
53,71(0.32초),구름떡
54,0(0.32초),팬쿡
55,0(0.32초),단아한정식
56,0(0.27초),규스홈 레스토랑
57,1(0.23초),로우슬로우
58,6(0.39초),조가네갑오징어
59,7(0.29초),월량
60,1(0.58초),이수곱창
61,"2,180(0.73초)",37.5
62,9(0.29초),라무진
63,2(0.37초),태양커피
64,1(0.25초),파니모들
65,0(0.41초),김재운초밥사랑
66,29(0.34초),헬무트
67,3(0.34초),포차천국
68,0(0.26초),대구형제막창
69,66(0.44초),역전할머니맥주
70,3(0.35초),낯선한식븟다
71,2(0.27초),라시에스타
72,"5,460(0.35초)",맥도날드
73,32(0.36초),정담은
74,0(0.27초),한양왕족발
75,0(0.34초),머치커피
76,3(0.41초),굴뚝집
77,82(0.47초),마왕족발
78,6(0.41초),본때
79,3(0.32초),양양메밀막국수
80,0(0.41초),토방소곱창
81,63(0.40초),금홍
82,1(0.32초),구뜰집
83,0(0.23초),스시사구
84,3(0.32초),크래프트한스
85,4(0.32초),순대만드는집
86,1(0.35초),용용선생
87,3(0.31초),인기명
88,0(0.49초),서민준밀밭멧돌검정콩국수
89,0(0.28초),홍미단
90,6(0.41초),곱분이곱창
91,6(0.36초),남성집
92,1(0.35초),미소네
93,2(0.34초),코다차야
94,0(0.33초),명가설농탕
95,0(0.33초),통영바다풍경
96,5(0.33초),막걸리학교
97,"256,000(0.38초)",주
98,"31,400(0.58초)",스타벅스
99,0(0.23초),싱싱오동도
100,0(0.38초),호시라멘
101,0(0.22초),이태리양조장
102,2(0.30초),현고대닭발
103,0(0.40초),카페브르브르
104,0(0.22초),수향가
105,8(0.36초),모소리
106,35(0.41초),돈키
107,0(0.31초),수연숯불갈비
108,4(0.42초),참오리
109,0(0.29초),남해안활어
110,0(0.34초),속초어시장
111,0(0.26초),소라노호시
112,4(0.31초),교대이층집
113,1(0.33초),보태닉마켓
114,"2,460(0.57초)",콘크리트
115,0(0.22초),정애맛담
116,8(0.30초),토리고야
117,0(0.25초),낙성곱창
118,1(0.27초),이고집쭈꾸미
119,3(0.33초),미스피츠
120,0(0.32초),언니가 숨겨놓은 과자상자
121,6(0.30초),조개창고
122,1(0.26초),샤브리샤브샤브
123,657(0.41초),엔제리너스
124,5(0.26초),스몰월드
125,2(0.38초),루키더셰프
126,4(0.39초),장미맨숀
127,1(0.29초),리프레셔스
128,59(0.36초),오다가다
129,1(0.37초),쿠킨스테이크
130,4(0.30초),맛찬들왕소금구이
131,1(0.26초),구구향훠궈
132,0(0.32초),도쿄하나
133,7(0.37초),쇼보
134,"6,030(0.46초)",군산
135,0(0.29초),경성상회
136,0(0.21초),고놈들
137,0(0.26초),100족발
138,0(0.24초),통영해물보쌈
139,3(0.25초),무삥과팟타이
140,62(0.29초),여진족
141,0(0.20초),해이케이크샵
142,1(0.55초),기꾸참치
143,3(0.56초),남도술상
144,0(0.30초),바른황소곱창
145,0(0.26초),시스트로
146,2(0.28초),차이루
147,0(0.28초),영풍치킨
148,4(0.29초),산쪼메
149,0(0.30초),카페오쎄
150,7(0.28초),요코쵸
151,4(0.27초),유미카츠
152,0(0.22초),땡초우동인포차
153,0(0.22초),곽반장
154,18(0.28초),호왕
155,1(0.23초),스시코에
156,176(0.39초),명동칼국수
157,0(0.24초),정담이깃든사랑채
158,0(0.30초),1357철판삼겹
159,0(0.24초),릿 잇 타미
160,4(0.40초),팔각도
161,2(0.26초),김부삼
162,0(0.23초),이수한우명가
163,0(0.21초),스시세이
164,2(0.33초),용범이네인계동껍데기
165,5(0.36초),올리브에비뉴
166,3(0.28초),서호김밥
167,0(0.38초),24시비사벌 전주콩나물국밥
168,2(0.27초),카페페라
169,84(0.40초),한신포차
170,1(0.29초),복돈이부추삼겹살
171,8(0.31초),차이797
172,"31,400(0.29초)",스타벅스
173,2(0.23초),묘오또
174,"1,960(0.33초)",설빙
175,0(0.23초),메종엠오 플래그십 스토어
176,1(0.60초),이모네전집
177,0(0.22초),7%칠백식당
178,130(0.51초),여수밤바다
179,1(0.43초),정원에프엔비
180,4(0.30초),솔라스
181,0(0.36초),선화의고기
182,0(0.26초),카페모펀
183,36(0.32초),장수원
184,0(0.26초),경성모밀
185,49(0.30초),미스사이공
186,5(0.42초),버거307
187,0(0.28초),한울갈비
188,45(0.41초),미분당
189,1(0.53초),작은피자집
190,6(0.43초),오늘와인한잔
191,1(0.27초),맛집부추곱창
192,320(0.35초),호시
193,1(0.28초),사당양꼬치
194,2(0.41초),육갑식당
195,0(0.24초),정원조닭한마리
196,4(0.28초),하노이별
197,"31,400(0.29초)",스타벅스
198,0(0.26초),샘골참숯불막창구이
199,"3,250(0.39초)",투썸플레이스
200,2(0.30초),여정막걸리
201,0(0.26초),송이하랑
202,1(0.27초),김영희강남동태찜
203,0(0.30초),아구랜드
204,0(0.27초),이수명가부대찌개
205,1(0.25초),일미옥
206,0(0.32초),로코민트
207,"3,250(0.39초)",투썸플레이스
208,98(0.38초),아오키
209,2(0.34초),광명수산
210,342(0.37초),깔리
211,0(0.23초),천하무족
212,0(0.38초),돼지굴뚝
213,2(0.67초),참치마니아
214,3(0.33초),종로곱창
215,4(0.32초),용호동낙지
216,"4,500(0.42초)",거북이
217,78(0.36초),미구
218,0(0.27초),모녀당
219,0(0.32초),하늘을걷는고양이카페
220,6(0.43초),오늘와인한잔
221,0(0.23초),빈빈양꼬치
222,0(0.24초),북경양꼬치
223,1(0.30초),왕돈까스&왕냉면
224,6(0.26초),훈장골
225,0(0.63초),제이콥참치
226,0(0.25초),황토가마솥설렁탕
227,0(0.21초),고베그릴
228,1(0.41초),바이젠하우스
229,1(0.27초),고추찜닭
230,"1,120(0.34초)",할리스
231,0(0.21초),포차노리
232,0(0.55초),동명 IZAKAYA
233,0(0.30초),이즈키친
234,0(0.23초),조가네족발왕
235,50(0.38초),페이브
236,"1,640(0.56초)",미국식
237,0(0.25초),떡마당떡집
238,"2,800(0.41초)",KFC
239,4(0.37초),지금보고싶다
240,0(0.29초),만화카페쉼표
241,30(0.38초),백채김치찌개
242,89(0.40초),영일만
243,1(0.31초),은연가
244,0(0.28초),미사키혼술
245,66(0.55초),책그리고
246,1(0.33초),방배반점
247,4(0.33초),72420
248,0(0.25초),지인삼계탕
249,6(0.26초),오봉집
250,1(0.23초),엔터하츠
251,0(0.49초),방배한가람김밥
252,4(0.29초),소문난순대국
253,0(0.27초),해물한소반
254,0(0.61초),일미가참치
255,0(0.24초),맛집곱창구이
256,0(0.32초),카페좋아진다
257,0(0.24초),용주골생고기정육식당
258,8(0.33초),일일향
259,1(0.27초),군선생
260,0(0.61초),권참치
261,0(0.21초),왕금성
262,0(0.22초),계림닭한마리
263,0(0.35초),최고의형제
264,3(0.36초),바르미샤브샤브n칼국수
265,302(0.48초),신전떡볶이
266,"1,270(0.46초)",일상다반사
267,0(0.56초),키세츠스시
268,0(0.29초),대신수산
269,191(0.43초),명륜진사갈비
270,0(0.25초),명성왕족발
271,"4,610(0.41초)",버거킹
272,1(0.23초),마포집
273,6(0.34초),성민양꼬치
274,0(0.22초),이수면옥
275,194(0.47초),문어가
276,0(0.30초),이수산더미
277,1(0.25초),청송산오징어
278,1(0.28초),새퍼커피
279,38(0.48초),등촌샤브칼국수
280,0(0.29초),원조추어탕
281,0(0.37초),꿈꾸는포장마차
282,0(0.37초),이수족발
283,0(0.25초),엘리씨 커피
284,0(0.28초),행복한맥주
285,0(0.50초),남오토코
286,6(0.40초),탐나종합어시장
287,1(0.38초),흑산도홍탁
288,0(0.36초),설봄
289,0(0.25초),피쉬퓨전회포차
290,107(0.42초),새마을식당
291,7(0.34초),홍두깨손칼국수
292,1(0.36초),까르니브라질그릴
293,3(0.37초),양계장집아들
294,3(0.34초),서울곱창
295,"4,330(0.38초)",롯데리아
296,0(0.34초),이모네막국수
297,2(0.33초),제줏간
298,1(0.29초),어부의딸
299,0(0.30초),에이바우트커피
300,172(0.48초),외양간
301,0(0.23초),럭키갈비찜
302,5(0.35초),당산오돌
303,2(0.33초),겁없는토끼부엌
304,3(0.39초),크래프트한스
305,0(0.31초),바다해물포차
306,0(0.23초),키친피콜로
307,0(0.33초),오감쭈꾸미
308,"2,120(0.33초)",뚜레쥬르
309,0(0.29초),헝그리곰바
310,"31,400(0.36초)",스타벅스
311,"2,300(0.42초)",파리바게뜨
312,1(0.32초),이수오뎅
313,0(0.24초),꿈꾸는크루아상
314,0(0.32초),참숯고깃골
315,0(0.28초),제주어항1950
316,0(0.34초),유정오리닭한방백숙
317,8(0.46초),싸다김밥
318,457(0.36초),품앗이
319,0(0.21초),따올라이
320,22(0.34초),분코
321,51(0.35초),슬로우캘리
322,0(0.21초),리얼양꼬치
323,0(0.33초),진코다리와황태
324,"1,920(0.38초)",배스킨라빈스
325,9(0.43초),올웨이즈온
326,0(0.27초),미드나잇키친
327,0(0.30초),이태리상회
328,0(0.33초),홍콩참치만두
329,2(0.34초),무안수산
330,1(0.41초),카페코드
331,6(0.36초),시너리
332,0(0.34초),동래모듬전
333,0(0.31초),꽃다운주점
334,2(0.29초),상아김밥
335,0(0.25초),아는포차
336,0(0.30초),이수면가
337,0(0.65초),원양참치
338,5(0.40초),원조부안집
339,0(0.30초),나인피스그릴
340,2(0.34초),미테이
341,108(0.49초),홍콩반점0410
342,0(0.31초),쩡곱도리탕
343,0(0.31초),더풍년
344,913(0.65초),이디야커피
345,0(0.39초),세시파스타
346,"2,300(0.42초)",파리바게뜨
347,127(0.48초),공평동
348,786(0.38초),빽다방
349,0(0.36초),천사곱창이수점
350,0(0.34초),황제소고기국밥
351,1(0.42초),땡초우동
352,10(0.37초),샌드리아
353,0(0.44초),우리황소곱창
354,1(0.35초),얌리마카롱
355,0(0.32초),너땜에한잔
356,0(0.47초),태평아구찜
357,0(0.23초),남오토코
358,0(0.33초),일출횟집
359,0(0.31초),논고을
360,0(0.34초),남산터
361,0(0.33초),힘찬정육식당
362,25(0.51초),고반식당
363,1(0.36초),이누식당
364,28(0.60초),택이네조개전골
365,8(0.46초),메가MGC커피
366,0(0.31초),찐네빵공장
367,"7,090(0.52초)",놀이터
368,0(0.31초),박은자맛사랑
369,4(0.57초),원할머니보쌈족발
370,0(0.49초),김가네칼국수
371,398(0.59초),BHC치킨
372,2(0.29초),비엔나커피하우스
373,0(0.32초),참소예 이수
374,30(0.41초),알라보
375,1(0.34초),상도늘보리
376,0(0.30초),미고삼
377,0(0.34초),누룽지통닭굼터
378,0(0.22초),김채원24시감자탕
379,0(0.27초),신미경의정통춘천닭갈비
380,0(0.27초),바다회세꼬시
381,4(0.26초),곰집
382,4(0.31초),진갈비
383,161(0.36초),동대문엽기떡볶이
384,0(0.31초),담소소사골순대육개장
385,"53,800(0.32초)",반
386,1(0.24초),다리원
387,56(0.27초),토모야
388,0(0.33초),놀란돼지
389,0(0.25초),영동돈까스
390,0(0.22초),쏘맥의달인
391,0(0.23초),남희회포장마차
392,3(0.26초),서초면옥
393,0(0.19초),이수치막
394,1(0.29초),시올돈
395,1(0.23초),종부네
396,1(0.26초),바른고기정육점
397,138(0.48초),노랑통닭
398,0(0.25초),송이족발
399,2(0.24초),카페아뜰리에
400,0(0.21초),족발의발견
401,2(0.26초),김봉남포장마차
402,0(0.23초),오뎅판다
403,1(0.25초),은연가보쌈
404,0(0.21초),후지스시
405,0(0.21초),바오로흑염소농장
406,0(0.23초),우리집정육식당
407,2(0.23초),해남원조김밥
408,2(0.25초),청년치킨
409,100(0.27초),퀸즈파크
410,231(0.28초),스바루
411,0(0.22초),김종구의참치박사
412,0(0.21초),리요리요커피
413,1(0.22초),강원도감자탕쌈밥
414,50(0.28초),놀숲
415,0(0.25초),이수짜장
416,3(0.33초),만랩커피
417,7(0.29초),청정동해
418,0(0.21초),원산사철탕
419,517(0.29초),물음표
420,1(0.26초),이고집쭈꾸미
421,0(0.20초),사당김밥
422,0(0.21초),가가멜식당
423,78(0.34초),육쌈냉면
424,0(0.22초),융선
425,101(0.38초),바른치킨
426,5(0.27초),마초셰프
427,"1,230(0.30초)",경복궁
428,286(0.28초),돌담
429,"2,330(0.34초)",맘스터치
430,0(0.20초),주식회사 수담식품관
431,0(0.40초),이수정육식당
432,0(0.20초),최성필소금구이
433,4(0.26초),꿈꾸는다락방
434,1(0.23초),속초오징어어시장
435,0(0.20초),스마일포차
436,0(0.21초),백호양대창
437,"1,030(0.39초)",교촌치킨
438,6(0.62초),미인참치
439,0(0.21초),스시이로하
440,6(0.27초),텐퍼센트커피
441,0(0.24초),박가네소문난전집
442,8(0.27초),팬사이
443,1(0.36초),명인등심
444,0(0.45초),장수촌풍천장어직판장
445,0(0.22초),레코드피맥
446,3(0.25초),신셰프양꼬치&훠궈
447,0(0.21초),베이크샵 피봇
448,131(0.28초),육감
449,71(0.31초),라밥
450,6(0.30초),정정아식당
451,0(0.42초),사당아바이순대국해장국
452,"1,060(0.31초)",공차
453,52(0.38초),참새방앗간
454,1(0.25초),타누키돈부리
455,"3,250(0.33초)",투썸플레이스
456,0(0.20초),이슬도둑
457,1(0.28초),커피사회
458,0(0.23초),광주집순대국
459,"7,630(0.43초)",BBQ
460,10(0.33초),도우룸
461,"3,060(0.38초)",본죽
462,0(0.32초),파아람
463,72(0.31초),강릉 교동짬뽕
464,1(0.23초),주부리
465,748(0.37초),스시와
466,0(0.22초),이수2정육식당
467,0(0.24초),김명자당진동태아구찜탕
468,0(0.23초),고향풍천장어
469,0(0.23초),봉평메밀마당
470,332(0.34초),한솥도시락
471,0(0.20초),대연양꼬치
472,0(0.19초),올레요회센터
473,"31,400(0.33초)",스타벅스
474,0(0.19초),윤공
475,88(0.34초),백미당
476,0(0.22초),신채정샤브수끼칼국수
477,8(0.26초),이수가
478,578(0.31초),꼼
479,1(0.22초),뽕잎사랑
480,0(0.22초),양모리
481,0(0.21초),동성양꼬치
482,0(0.23초),심비디움2
483,4(0.31초),미스터힐링
484,0(0.24초),홍천숯불닭갈비
485,50(0.30초),맛있는뎅
486,6(0.26초),뉴욕야시장
487,3(0.25초),푸슈
488,0(0.27초),아트메이저
489,0(0.30초),생생돈까스
490,2(0.24초),오리촌
491,3(0.30초),갈비제작소
492,"3,250(0.33초)",투썸플레이스
493,112(0.36초),매드포갈릭
494,1(0.21초),이수살롱
495,0(0.23초),한앤둘치킨호프
496,112(0.36초),매드포갈릭
497,6(0.26초),민속떡집
498,192(0.29초),전원일기
499,3(0.25초),고양이부엌
